INSERT [dbo].[OnlineChannel] ([Id], [Name]) VALUES (N'2ffdc4d5-01d6-43e4-98df-0c2922620e6c', N'HBO')
INSERT [dbo].[OnlineChannel] ([Id], [Name]) VALUES (N'cf3e2499-3998-4dac-8904-4e4cef3bc4c1', N'Hotstar')
INSERT [dbo].[OnlineChannel] ([Id], [Name]) VALUES (N'4d47310a-0a05-4aab-a45b-aaa951ad33f0', N'Youtube')
INSERT [dbo].[OnlineChannel] ([Id], [Name]) VALUES (N'94c89696-ce6d-43f4-9dde-b57fa45b597c', N'Hulu')
INSERT [dbo].[OnlineChannel] ([Id], [Name]) VALUES (N'52c1b02f-a8a2-45df-b4ef-c764473fceb2', N'Netflix')
INSERT [dbo].[OnlineChannel] ([Id], [Name]) VALUES (N'a27b7db2-fb00-42b7-a2c8-e3ba7aed3a10', N'None')
INSERT [dbo].[OnlineChannel] ([Id], [Name]) VALUES (N'd026be34-d6da-4a22-a94e-ee2fc0c0a104', N'Amazon Prime Video')
INSERT [dbo].[ProductionHouse] ([Id], [Name], [ColorCode]) VALUES (N'6f43232c-a328-4cc5-8404-02e6868b7568', N'Vimeo', N'#1A69CD')
INSERT [dbo].[ProductionHouse] ([Id], [Name], [ColorCode]) VALUES (N'6b0f93b4-9c26-43e6-8606-16f55d3b390a', N'AMC', N'#FB0102')
INSERT [dbo].[ProductionHouse] ([Id], [Name], [ColorCode]) VALUES (N'fec216fa-80c4-4ea1-b707-1eb8539d5205', N'Discovery Channel', N'#1BAED9')
INSERT [dbo].[ProductionHouse] ([Id], [Name], [ColorCode]) VALUES (N'5634a3ee-0b67-4eef-846f-1ee444668635', N'MBC', N'#464646')
INSERT [dbo].[ProductionHouse] ([Id], [Name], [ColorCode]) VALUES (N'6993ba88-3d6b-4c0b-980f-247c210b3369', N'E!', N'#EB2D2F')
INSERT [dbo].[ProductionHouse] ([Id], [Name], [ColorCode]) VALUES (N'fe9387b7-2f07-4260-8341-2816dbd57a05', N'NBC', N'#8111F1')
INSERT [dbo].[ProductionHouse] ([Id], [Name], [ColorCode]) VALUES (N'b9e7d2bc-f716-4990-8c07-3b47dfc1b2bb', N'Starz', N'#F29B21')
INSERT [dbo].[ProductionHouse] ([Id], [Name], [ColorCode]) VALUES (N'886bcb99-dfc5-4fe9-b841-3e427f9ec82e', N'Drama Fever', N'#FD3B5D')
INSERT [dbo].[ProductionHouse] ([Id], [Name], [ColorCode]) VALUES (N'898d846c-623b-4764-98ad-3f8ddc2920a3', N'Sky Arts', N'#843A3D')
INSERT [dbo].[ProductionHouse] ([Id], [Name], [ColorCode]) VALUES (N'e868ccd2-cfac-4818-a15b-4845d019d883', N'Channel 4', N'#192D48')
INSERT [dbo].[ProductionHouse] ([Id], [Name], [ColorCode]) VALUES (N'c2a7a58a-e522-4cdf-beb4-4bae9d7f2776', N'CW', N'#00A936')
INSERT [dbo].[ProductionHouse] ([Id], [Name], [ColorCode]) VALUES (N'7b9b2ab1-464b-4dd2-b701-5f538694507a', N'CBS', N'#DD8D4B')
INSERT [dbo].[ProductionHouse] ([Id], [Name], [ColorCode]) VALUES (N'33d33cb8-0f51-4e30-9af2-659702b546ac', N'AXN', N'#ED1B2D')
INSERT [dbo].[ProductionHouse] ([Id], [Name], [ColorCode]) VALUES (N'43ef2ea6-ee1f-4b29-bed5-665c6c8940ca', N'SBS', N'#3D75FF')
INSERT [dbo].[ProductionHouse] ([Id], [Name], [ColorCode]) VALUES (N'a5d01bf9-6dfe-4f1a-9342-69d1de89acb2', N'BBC One', N'#000000')
INSERT [dbo].[ProductionHouse] ([Id], [Name], [ColorCode]) VALUES (N'13738a9e-337d-4734-971c-6a8ace8b9d35', N'TVN', N'#BC0D14')
INSERT [dbo].[ProductionHouse] ([Id], [Name], [ColorCode]) VALUES (N'8c21bc51-393b-44fd-98f0-7621940b3d13', N'Syndicated', N'#A492CE')
INSERT [dbo].[ProductionHouse] ([Id], [Name], [ColorCode]) VALUES (N'00e0de9b-eb7f-4cef-85c4-76c6578829e9', N'Netflix', N'#E20912')
INSERT [dbo].[ProductionHouse] ([Id], [Name], [ColorCode]) VALUES (N'f8276a27-76fe-4097-9fd8-8b7f2460826c', N'FX', N'#F7921C')
INSERT [dbo].[ProductionHouse] ([Id], [Name], [ColorCode]) VALUES (N'ac34dfd3-950d-4b9a-8611-8f30eb2fcd53', N'TV Tokyo', N'#303670')
INSERT [dbo].[ProductionHouse] ([Id], [Name], [ColorCode]) VALUES (N'a40b2933-f5b1-4464-90c6-9d127772c7df', N'Fuji TV', N'#EB2D2F')
INSERT [dbo].[ProductionHouse] ([Id], [Name], [ColorCode]) VALUES (N'7d381744-9834-4337-92a3-9ece6586e339', N'KBS', N'#2449A4')
INSERT [dbo].[ProductionHouse] ([Id], [Name], [ColorCode]) VALUES (N'312e06ae-a09e-4429-8667-a2a133566628', N'Cartoon Network', N'#C9BF4E')
INSERT [dbo].[ProductionHouse] ([Id], [Name], [ColorCode]) VALUES (N'e36292f8-742b-4503-b482-a4193360c145', N'Fox', N'#000000')
INSERT [dbo].[ProductionHouse] ([Id], [Name], [ColorCode]) VALUES (N'59406211-418f-4cbe-bcc3-abfddeda0902', N'HBO', N'#0179C5')
INSERT [dbo].[ProductionHouse] ([Id], [Name], [ColorCode]) VALUES (N'a0e53dce-13cd-43aa-9dd3-b0782673e251', N'Showtime', N'#E20912')
INSERT [dbo].[ProductionHouse] ([Id], [Name], [ColorCode]) VALUES (N'ffd9d95e-7228-4e69-8bdd-b14c92c092a0', N'YouTube', N'#E20912')
INSERT [dbo].[ProductionHouse] ([Id], [Name], [ColorCode]) VALUES (N'439fa17e-2c36-4ee2-839f-b1b657b5652e', N'Sky1', N'#2F71C6')
INSERT [dbo].[ProductionHouse] ([Id], [Name], [ColorCode]) VALUES (N'7e90eb51-c40d-4e05-85c5-b60b3c1ba544', N'ABC', N'#FFD700')
INSERT [dbo].[ProductionHouse] ([Id], [Name], [ColorCode]) VALUES (N'b3bea6c5-46c8-4ae0-bf78-b649ca3fd948', N'MTV', N'#F21296')
INSERT [dbo].[ProductionHouse] ([Id], [Name], [ColorCode]) VALUES (N'db1b2909-2b45-4be0-9fdd-b86221cd4023', N'NTV', N'#000000')
INSERT [dbo].[ProductionHouse] ([Id], [Name], [ColorCode]) VALUES (N'e853f5de-9db1-42fc-957c-bb9630dc24bb', N'USA Network', N'#D91E25')
INSERT [dbo].[ProductionHouse] ([Id], [Name], [ColorCode]) VALUES (N'4a239a02-45ca-42c5-a255-c27de22eb338', N'TNT', N'#607022')
INSERT [dbo].[ProductionHouse] ([Id], [Name], [ColorCode]) VALUES (N'61378810-71c5-4907-b72c-c42233349d05', N'SVT1', N'#5220C9')
INSERT [dbo].[ProductionHouse] ([Id], [Name], [ColorCode]) VALUES (N'bffba240-ac7d-47e3-847b-c6cf27ada44e', N'Freeform', N'#00AB8E')
INSERT [dbo].[ProductionHouse] ([Id], [Name], [ColorCode]) VALUES (N'6bd6bcff-3452-435a-bac2-c84a45b33cad', N'Amazon', N'#00A8E1')
INSERT [dbo].[ProductionHouse] ([Id], [Name], [ColorCode]) VALUES (N'e7b6a90c-839d-4b88-b892-daa159f67208', N'History', N'#D37B22')
INSERT [dbo].[ProductionHouse] ([Id], [Name], [ColorCode]) VALUES (N'595c06d6-9171-4f1e-b468-ddae84f67d49', N'Hallmark Channel', N'#5A2F9A')
INSERT [dbo].[ProductionHouse] ([Id], [Name], [ColorCode]) VALUES (N'2bba0029-7663-42cb-bf41-e2ee1b3a8495', N'ITV', N'#193284')
INSERT [dbo].[ProductionHouse] ([Id], [Name], [ColorCode]) VALUES (N'10293999-b734-4cf6-b4ec-e44d81599215', N'JNN', N'#009944')
INSERT [dbo].[ProductionHouse] ([Id], [Name], [ColorCode]) VALUES (N'98a2c754-3718-47cf-bcf4-ecbca16caaa8', N'Hulu', N'#1CE783')
INSERT [dbo].[ProductionHouse] ([Id], [Name], [ColorCode]) VALUES (N'87a476b4-16d6-4268-862e-ef5244d3881c', N'Dice Media', N'#FF6589')
INSERT [dbo].[ProductionHouse] ([Id], [Name], [ColorCode]) VALUES (N'8c15691c-54db-4ab7-88ac-f2554ee91d77', N'Disney Channel', N'#1A69CD')
INSERT [dbo].[ProductionHouse] ([Id], [Name], [ColorCode]) VALUES (N'5c2b22a9-2403-4e30-97fb-fa223e97d479', N'Show TV', N'#8111F1')
SET IDENTITY_INSERT [dbo].[WatchStatus] ON 

INSERT [dbo].[WatchStatus] ([Id], [Status], [ColorCode]) VALUES (1, N'On Going', N'#4FD800')
INSERT [dbo].[WatchStatus] ([Id], [Status], [ColorCode]) VALUES (2, N'Up-To-Date', N'#00B6FF')
INSERT [dbo].[WatchStatus] ([Id], [Status], [ColorCode]) VALUES (3, N'Completed', N'#D80000')
INSERT [dbo].[WatchStatus] ([Id], [Status], [ColorCode]) VALUES (4, N'To Watch', N'#ADAF00')
SET IDENTITY_INSERT [dbo].[WatchStatus] OFF
INSERT [dbo].[AudioLanguage] ([Id], [Language]) VALUES (N'bb89f317-d6f0-4207-b434-24f37cdc6d38', N'English')
INSERT [dbo].[AudioLanguage] ([Id], [Language]) VALUES (N'e98ad40d-e49d-468a-8c89-2802a0e5e204', N'Korean')
INSERT [dbo].[AudioLanguage] ([Id], [Language]) VALUES (N'84ebc93e-645f-4375-abc1-2c3afc53ff58', N'Japanese')
INSERT [dbo].[AudioLanguage] ([Id], [Language]) VALUES (N'a7ae6946-a8d6-4e88-8531-4d9e0386d8d6', N'German')
INSERT [dbo].[AudioLanguage] ([Id], [Language]) VALUES (N'f9c95be6-9028-40b5-bab4-95b8398be8c9', N'Hindi')
INSERT [dbo].[AudioLanguage] ([Id], [Language]) VALUES (N'8b0e4399-94e9-42ba-92ef-9a73bc49a0d6', N'Spanish')
INSERT [dbo].[AudioLanguage] ([Id], [Language]) VALUES (N'b842ca46-bc57-4681-8373-da9f2881ffe9', N'Turkish')
INSERT [dbo].[Show] ([ShowId], [ShowName], [ProductionHouseId], [StatusId], [OnlineChannelId], [LanguageId], [Ended], [NumberOfSeasons], [Genre], [TotalEpisodes], [Remarks], [EpisodeLength], [AddedOn], [ModifiedOn], [Rating], [Favorite]) VALUES (N'41deea98-a115-4172-5fe4-08d693459cc7', N'The West Wing', N'fe9387b7-2f07-4260-8341-2816dbd57a05', 1, N'52c1b02f-a8a2-45df-b4ef-c764473fceb2', N'bb89f317-d6f0-4207-b434-24f37cdc6d38', 1, 7, N'27,14', 156, NULL, 42, CAST(N'2019-02-15 13:00:45.340' AS DateTime), CAST(N'2019-02-15 12:59:19.113' AS DateTime), 4, 0)
INSERT [dbo].[Show] ([ShowId], [ShowName], [ProductionHouseId], [StatusId], [OnlineChannelId], [LanguageId], [Ended], [NumberOfSeasons], [Genre], [TotalEpisodes], [Remarks], [EpisodeLength], [AddedOn], [ModifiedOn], [Rating], [Favorite]) VALUES (N'9e9ca0f7-b9b1-4410-1ed7-08d697163add', N'24', N'e36292f8-742b-4503-b482-a4193360c145', 4, N'cf3e2499-3998-4dac-8904-4e4cef3bc4c1', N'bb89f317-d6f0-4207-b434-24f37cdc6d38', 1, 9, N'2,17,27,28', 204, NULL, 43, CAST(N'2019-02-20 09:30:31.087' AS DateTime), CAST(N'2019-02-20 09:30:31.087' AS DateTime), 3, 0)
INSERT [dbo].[Show] ([ShowId], [ShowName], [ProductionHouseId], [StatusId], [OnlineChannelId], [LanguageId], [Ended], [NumberOfSeasons], [Genre], [TotalEpisodes], [Remarks], [EpisodeLength], [AddedOn], [ModifiedOn], [Rating], [Favorite]) VALUES (N'81ae42a6-5d99-4dbb-dc27-08d697cd2314', N'11.22.63', N'98a2c754-3718-47cf-bcf4-ecbca16caaa8', 3, N'94c89696-ce6d-43f4-9dde-b57fa45b597c', N'bb89f317-d6f0-4207-b434-24f37cdc6d38', 1, 1, N'2,15,17,26', 8, NULL, 70, CAST(N'2019-02-21 07:16:37.943' AS DateTime), CAST(N'2019-02-21 07:16:37.943' AS DateTime), 3, 0)
INSERT [dbo].[Show] ([ShowId], [ShowName], [ProductionHouseId], [StatusId], [OnlineChannelId], [LanguageId], [Ended], [NumberOfSeasons], [Genre], [TotalEpisodes], [Remarks], [EpisodeLength], [AddedOn], [ModifiedOn], [Rating], [Favorite]) VALUES (N'5589714c-ecc7-40c2-dc28-08d697cd2314', N'13 Reasons Why', N'00e0de9b-eb7f-4cef-85c4-76c6578829e9', 2, N'52c1b02f-a8a2-45df-b4ef-c764473fceb2', N'bb89f317-d6f0-4207-b434-24f37cdc6d38', 0, 2, N'2,16,27', 26, NULL, 60, CAST(N'2019-02-21 07:21:43.527' AS DateTime), CAST(N'2019-02-21 07:21:43.527' AS DateTime), 4, 1)
INSERT [dbo].[Show] ([ShowId], [ShowName], [ProductionHouseId], [StatusId], [OnlineChannelId], [LanguageId], [Ended], [NumberOfSeasons], [Genre], [TotalEpisodes], [Remarks], [EpisodeLength], [AddedOn], [ModifiedOn], [Rating], [Favorite]) VALUES (N'854ef061-a9ae-484c-dc29-08d697cd2314', N'2 Broke Girls', N'7b9b2ab1-464b-4dd2-b701-5f538694507a', 3, N'a27b7db2-fb00-42b7-a2c8-e3ba7aed3a10', N'bb89f317-d6f0-4207-b434-24f37cdc6d38', 1, 6, N'20,21', 138, NULL, 20, CAST(N'2019-02-21 07:23:30.163' AS DateTime), CAST(N'2019-02-21 07:23:30.163' AS DateTime), 2, 0)
INSERT [dbo].[Show] ([ShowId], [ShowName], [ProductionHouseId], [StatusId], [OnlineChannelId], [LanguageId], [Ended], [NumberOfSeasons], [Genre], [TotalEpisodes], [Remarks], [EpisodeLength], [AddedOn], [ModifiedOn], [Rating], [Favorite]) VALUES (N'6e98d1b7-73e5-4d98-dc2a-08d697cd2314', N'49 Days', N'43ef2ea6-ee1f-4b29-bed5-665c6c8940ca', 3, N'a27b7db2-fb00-42b7-a2c8-e3ba7aed3a10', N'e98ad40d-e49d-468a-8c89-2802a0e5e204', 1, 1, N'2,20,29', 20, NULL, 60, CAST(N'2019-02-21 07:29:54.733' AS DateTime), CAST(N'2019-02-21 07:29:54.733' AS DateTime), 4, 1)
INSERT [dbo].[Show] ([ShowId], [ShowName], [ProductionHouseId], [StatusId], [OnlineChannelId], [LanguageId], [Ended], [NumberOfSeasons], [Genre], [TotalEpisodes], [Remarks], [EpisodeLength], [AddedOn], [ModifiedOn], [Rating], [Favorite]) VALUES (N'34a899ce-b894-462e-dc2b-08d697cd2314', N'90210', N'7b9b2ab1-464b-4dd2-b701-5f538694507a', 4, N'52c1b02f-a8a2-45df-b4ef-c764473fceb2', N'bb89f317-d6f0-4207-b434-24f37cdc6d38', 1, 5, N'16,20', 114, NULL, 42, CAST(N'2019-02-21 07:31:15.360' AS DateTime), CAST(N'2019-02-21 07:31:15.360' AS DateTime), 1, 0)
INSERT [dbo].[Show] ([ShowId], [ShowName], [ProductionHouseId], [StatusId], [OnlineChannelId], [LanguageId], [Ended], [NumberOfSeasons], [Genre], [TotalEpisodes], [Remarks], [EpisodeLength], [AddedOn], [ModifiedOn], [Rating], [Favorite]) VALUES (N'5ede70a6-9577-4633-dc2c-08d697cd2314', N'9-1-1', N'e36292f8-742b-4503-b482-a4193360c145', 4, N'cf3e2499-3998-4dac-8904-4e4cef3bc4c1', N'bb89f317-d6f0-4207-b434-24f37cdc6d38', 0, 2, N'3,13', 20, NULL, 41, CAST(N'2019-02-21 07:33:17.450' AS DateTime), CAST(N'2019-02-21 07:33:17.450' AS DateTime), 3, 0)
INSERT [dbo].[Show] ([ShowId], [ShowName], [ProductionHouseId], [StatusId], [OnlineChannelId], [LanguageId], [Ended], [NumberOfSeasons], [Genre], [TotalEpisodes], [Remarks], [EpisodeLength], [AddedOn], [ModifiedOn], [Rating], [Favorite]) VALUES (N'30912ac5-7c26-487d-dc2d-08d697cd2314', N'A Series Of Unfortunate Events', N'00e0de9b-eb7f-4cef-85c4-76c6578829e9', 4, N'52c1b02f-a8a2-45df-b4ef-c764473fceb2', N'bb89f317-d6f0-4207-b434-24f37cdc6d38', 0, 3, N'2,18,19', 18, NULL, 60, CAST(N'2019-02-21 07:35:50.757' AS DateTime), CAST(N'2019-02-21 07:35:50.757' AS DateTime), 3, 0)
INSERT [dbo].[Show] ([ShowId], [ShowName], [ProductionHouseId], [StatusId], [OnlineChannelId], [LanguageId], [Ended], [NumberOfSeasons], [Genre], [TotalEpisodes], [Remarks], [EpisodeLength], [AddedOn], [ModifiedOn], [Rating], [Favorite]) VALUES (N'82aa73cf-0764-418c-dc2e-08d697cd2314', N'A Young Doctor''s Notebook', N'898d846c-623b-4764-98ad-3f8ddc2920a3', 3, N'a27b7db2-fb00-42b7-a2c8-e3ba7aed3a10', N'bb89f317-d6f0-4207-b434-24f37cdc6d38', 1, 2, N'2,8,18,19', 8, NULL, 30, CAST(N'2019-02-21 07:37:56.557' AS DateTime), CAST(N'2019-02-21 07:37:56.557' AS DateTime), 1, 0)
INSERT [dbo].[Show] ([ShowId], [ShowName], [ProductionHouseId], [StatusId], [OnlineChannelId], [LanguageId], [Ended], [NumberOfSeasons], [Genre], [TotalEpisodes], [Remarks], [EpisodeLength], [AddedOn], [ModifiedOn], [Rating], [Favorite]) VALUES (N'2ab00522-6c78-4b87-8488-08d697e452da', N'Adulting', N'87a476b4-16d6-4268-862e-ef5244d3881c', 2, N'4d47310a-0a05-4aab-a45b-aaa951ad33f0', N'f9c95be6-9028-40b5-bab4-95b8398be8c9', 0, 1, N'2,21', 5, NULL, 15, CAST(N'2019-02-21 10:03:19.230' AS DateTime), CAST(N'2019-02-21 10:03:19.230' AS DateTime), 3, 0)
INSERT [dbo].[Show] ([ShowId], [ShowName], [ProductionHouseId], [StatusId], [OnlineChannelId], [LanguageId], [Ended], [NumberOfSeasons], [Genre], [TotalEpisodes], [Remarks], [EpisodeLength], [AddedOn], [ModifiedOn], [Rating], [Favorite]) VALUES (N'4f6ae768-5107-40bc-8489-08d697e452da', N'Alias', N'7e90eb51-c40d-4e05-85c5-b60b3c1ba544', 4, N'a27b7db2-fb00-42b7-a2c8-e3ba7aed3a10', N'bb89f317-d6f0-4207-b434-24f37cdc6d38', 0, 5, N'2,17,27,28', 105, NULL, 41, CAST(N'2019-02-21 10:07:53.423' AS DateTime), CAST(N'2019-02-21 10:07:53.423' AS DateTime), 3, 0)
INSERT [dbo].[Show] ([ShowId], [ShowName], [ProductionHouseId], [StatusId], [OnlineChannelId], [LanguageId], [Ended], [NumberOfSeasons], [Genre], [TotalEpisodes], [Remarks], [EpisodeLength], [AddedOn], [ModifiedOn], [Rating], [Favorite]) VALUES (N'6a498ec8-1361-4a57-0b0e-08d6a1fd5c36', N'Almost Human', N'e36292f8-742b-4503-b482-a4193360c145', 3, N'a27b7db2-fb00-42b7-a2c8-e3ba7aed3a10', N'bb89f317-d6f0-4207-b434-24f37cdc6d38', 1, 1, N'8,14,15', 13, NULL, 41, CAST(N'2019-03-06 06:29:12.170' AS DateTime), CAST(N'2019-03-06 06:29:12.170' AS DateTime), 3, 0)
INSERT [dbo].[Show] ([ShowId], [ShowName], [ProductionHouseId], [StatusId], [OnlineChannelId], [LanguageId], [Ended], [NumberOfSeasons], [Genre], [TotalEpisodes], [Remarks], [EpisodeLength], [AddedOn], [ModifiedOn], [Rating], [Favorite]) VALUES (N'3b52e90a-d8d4-4d04-0b0f-08d6a1fd5c36', N'Altered Carbon', N'00e0de9b-eb7f-4cef-85c4-76c6578829e9', 4, N'52c1b02f-a8a2-45df-b4ef-c764473fceb2', N'bb89f317-d6f0-4207-b434-24f37cdc6d38', 0, 1, N'3,15,17,28,30,31', 10, NULL, 60, CAST(N'2019-03-06 06:34:25.570' AS DateTime), CAST(N'2019-04-10 09:59:01.880' AS DateTime), 4, 0)
INSERT [dbo].[Show] ([ShowId], [ShowName], [ProductionHouseId], [StatusId], [OnlineChannelId], [LanguageId], [Ended], [NumberOfSeasons], [Genre], [TotalEpisodes], [Remarks], [EpisodeLength], [AddedOn], [ModifiedOn], [Rating], [Favorite]) VALUES (N'6a8473e2-a92a-4816-6c2e-08d6a20cbe06', N'American Crime Story', N'f8276a27-76fe-4097-9fd8-8b7f2460826c', 2, N'52c1b02f-a8a2-45df-b4ef-c764473fceb2', N'bb89f317-d6f0-4207-b434-24f37cdc6d38', 0, 2, N'2,24,26,28', 20, NULL, 60, CAST(N'2019-03-06 08:16:34.637' AS DateTime), CAST(N'2019-03-06 08:16:34.637' AS DateTime), 3, 1)
INSERT [dbo].[Show] ([ShowId], [ShowName], [ProductionHouseId], [StatusId], [OnlineChannelId], [LanguageId], [Ended], [NumberOfSeasons], [Genre], [TotalEpisodes], [Remarks], [EpisodeLength], [AddedOn], [ModifiedOn], [Rating], [Favorite]) VALUES (N'e513f544-fecb-4ea7-6c2f-08d6a20cbe06', N'And Then There Were None', N'a5d01bf9-6dfe-4f1a-9342-69d1de89acb2', 4, N'a27b7db2-fb00-42b7-a2c8-e3ba7aed3a10', N'bb89f317-d6f0-4207-b434-24f37cdc6d38', 1, 1, N'2,17,26,27,29', 3, NULL, 60, CAST(N'2019-03-06 08:29:39.343' AS DateTime), CAST(N'2019-03-06 08:29:39.343' AS DateTime), 5, 0)
INSERT [dbo].[Show] ([ShowId], [ShowName], [ProductionHouseId], [StatusId], [OnlineChannelId], [LanguageId], [Ended], [NumberOfSeasons], [Genre], [TotalEpisodes], [Remarks], [EpisodeLength], [AddedOn], [ModifiedOn], [Rating], [Favorite]) VALUES (N'c9fd8862-1cd2-4297-6c30-08d6a20cbe06', N'Arrow', N'c2a7a58a-e522-4cdf-beb4-4bae9d7f2776', 1, N'cf3e2499-3998-4dac-8904-4e4cef3bc4c1', N'bb89f317-d6f0-4207-b434-24f37cdc6d38', 0, 6, N'2,3,8,28,29,32', 152, NULL, 41, CAST(N'2019-03-06 08:33:32.727' AS DateTime), CAST(N'2019-03-06 08:33:32.727' AS DateTime), 2, 0)
INSERT [dbo].[Show] ([ShowId], [ShowName], [ProductionHouseId], [StatusId], [OnlineChannelId], [LanguageId], [Ended], [NumberOfSeasons], [Genre], [TotalEpisodes], [Remarks], [EpisodeLength], [AddedOn], [ModifiedOn], [Rating], [Favorite]) VALUES (N'26e2cd49-bd6f-4a6c-6c31-08d6a20cbe06', N'Ask Laftan Anlamaz', N'5c2b22a9-2403-4e30-97fb-fa223e97d479', 3, N'a27b7db2-fb00-42b7-a2c8-e3ba7aed3a10', N'b842ca46-bc57-4681-8373-da9f2881ffe9', 1, 1, N'2,20', 31, NULL, 150, CAST(N'2019-03-06 08:37:26.097' AS DateTime), CAST(N'2019-03-06 08:37:26.097' AS DateTime), 3, 0)
INSERT [dbo].[Show] ([ShowId], [ShowName], [ProductionHouseId], [StatusId], [OnlineChannelId], [LanguageId], [Ended], [NumberOfSeasons], [Genre], [TotalEpisodes], [Remarks], [EpisodeLength], [AddedOn], [ModifiedOn], [Rating], [Favorite]) VALUES (N'43a5354e-e37c-46c0-6c32-08d6a20cbe06', N'Atlanta', N'f8276a27-76fe-4097-9fd8-8b7f2460826c', 4, N'a27b7db2-fb00-42b7-a2c8-e3ba7aed3a10', N'bb89f317-d6f0-4207-b434-24f37cdc6d38', 0, 2, N'18', 21, NULL, 30, CAST(N'2019-03-06 08:40:23.880' AS DateTime), CAST(N'2019-03-06 08:40:23.880' AS DateTime), 2, 0)
INSERT [dbo].[Show] ([ShowId], [ShowName], [ProductionHouseId], [StatusId], [OnlineChannelId], [LanguageId], [Ended], [NumberOfSeasons], [Genre], [TotalEpisodes], [Remarks], [EpisodeLength], [AddedOn], [ModifiedOn], [Rating], [Favorite]) VALUES (N'cdd0d086-4410-4c08-6c33-08d6a20cbe06', N'Atypical', N'00e0de9b-eb7f-4cef-85c4-76c6578829e9', 4, N'52c1b02f-a8a2-45df-b4ef-c764473fceb2', N'bb89f317-d6f0-4207-b434-24f37cdc6d38', 0, 1, N'2,18', 8, NULL, 30, CAST(N'2019-03-06 08:41:21.703' AS DateTime), CAST(N'2019-03-06 08:41:21.703' AS DateTime), 2, 0)
INSERT [dbo].[Show] ([ShowId], [ShowName], [ProductionHouseId], [StatusId], [OnlineChannelId], [LanguageId], [Ended], [NumberOfSeasons], [Genre], [TotalEpisodes], [Remarks], [EpisodeLength], [AddedOn], [ModifiedOn], [Rating], [Favorite]) VALUES (N'53b1bafb-9730-4a2c-6c34-08d6a20cbe06', N'Baby Daddy', N'bffba240-ac7d-47e3-847b-c6cf27ada44e', 4, N'a27b7db2-fb00-42b7-a2c8-e3ba7aed3a10', N'bb89f317-d6f0-4207-b434-24f37cdc6d38', 1, 6, N'21', 100, NULL, 21, CAST(N'2019-03-06 08:42:47.723' AS DateTime), CAST(N'2019-03-06 08:42:47.723' AS DateTime), 2, 0)
INSERT [dbo].[Show] ([ShowId], [ShowName], [ProductionHouseId], [StatusId], [OnlineChannelId], [LanguageId], [Ended], [NumberOfSeasons], [Genre], [TotalEpisodes], [Remarks], [EpisodeLength], [AddedOn], [ModifiedOn], [Rating], [Favorite]) VALUES (N'd75f237e-d1fa-4464-1b23-08d6a211467e', N'Baskets', N'f8276a27-76fe-4097-9fd8-8b7f2460826c', 4, N'a27b7db2-fb00-42b7-a2c8-e3ba7aed3a10', N'bb89f317-d6f0-4207-b434-24f37cdc6d38', 0, 3, N'18,19', 30, NULL, 30, CAST(N'2019-03-06 08:52:17.183' AS DateTime), CAST(N'2019-03-06 08:52:17.183' AS DateTime), 2, 0)
INSERT [dbo].[Show] ([ShowId], [ShowName], [ProductionHouseId], [StatusId], [OnlineChannelId], [LanguageId], [Ended], [NumberOfSeasons], [Genre], [TotalEpisodes], [Remarks], [EpisodeLength], [AddedOn], [ModifiedOn], [Rating], [Favorite]) VALUES (N'9216be6c-2bc7-4790-fef8-08d6a211c906', N'Backstrom', N'e36292f8-742b-4503-b482-a4193360c145', 4, N'a27b7db2-fb00-42b7-a2c8-e3ba7aed3a10', N'bb89f317-d6f0-4207-b434-24f37cdc6d38', 1, 1, N'2,18,28', 13, NULL, 40, CAST(N'2019-03-06 08:55:57.213' AS DateTime), CAST(N'2019-03-06 08:55:57.213' AS DateTime), 2, 0)
INSERT [dbo].[Show] ([ShowId], [ShowName], [ProductionHouseId], [StatusId], [OnlineChannelId], [LanguageId], [Ended], [NumberOfSeasons], [Genre], [TotalEpisodes], [Remarks], [EpisodeLength], [AddedOn], [ModifiedOn], [Rating], [Favorite]) VALUES (N'a7be7af0-65d3-485a-fef9-08d6a211c906', N'Beauty And The Beast', N'c2a7a58a-e522-4cdf-beb4-4bae9d7f2776', 3, N'cf3e2499-3998-4dac-8904-4e4cef3bc4c1', N'bb89f317-d6f0-4207-b434-24f37cdc6d38', 1, 4, N'2,6,8,13,27,28', 70, NULL, 40, CAST(N'2019-03-06 08:55:57.213' AS DateTime), CAST(N'2019-03-06 08:55:57.213' AS DateTime), 2, 0)
INSERT [dbo].[Show] ([ShowId], [ShowName], [ProductionHouseId], [StatusId], [OnlineChannelId], [LanguageId], [Ended], [NumberOfSeasons], [Genre], [TotalEpisodes], [Remarks], [EpisodeLength], [AddedOn], [ModifiedOn], [Rating], [Favorite]) VALUES (N'e14990e2-3409-4540-fefa-08d6a211c906', N'Believe', N'fe9387b7-2f07-4260-8341-2816dbd57a05', 4, N'a27b7db2-fb00-42b7-a2c8-e3ba7aed3a10', N'bb89f317-d6f0-4207-b434-24f37cdc6d38', 1, 1, N'2,8,15', 13, NULL, 40, CAST(N'2019-03-06 08:55:57.213' AS DateTime), CAST(N'2019-03-06 08:55:57.213' AS DateTime), 2, 0)
INSERT [dbo].[Show] ([ShowId], [ShowName], [ProductionHouseId], [StatusId], [OnlineChannelId], [LanguageId], [Ended], [NumberOfSeasons], [Genre], [TotalEpisodes], [Remarks], [EpisodeLength], [AddedOn], [ModifiedOn], [Rating], [Favorite]) VALUES (N'5de06d24-bfcd-489a-fefb-08d6a211c906', N'Better Things', N'f8276a27-76fe-4097-9fd8-8b7f2460826c', 4, N'cf3e2499-3998-4dac-8904-4e4cef3bc4c1', N'bb89f317-d6f0-4207-b434-24f37cdc6d38', 0, 2, N'18,19,21', 20, NULL, 30, CAST(N'2019-03-06 09:03:59.580' AS DateTime), CAST(N'2019-03-06 09:03:59.580' AS DateTime), 3, 0)
INSERT [dbo].[Show] ([ShowId], [ShowName], [ProductionHouseId], [StatusId], [OnlineChannelId], [LanguageId], [Ended], [NumberOfSeasons], [Genre], [TotalEpisodes], [Remarks], [EpisodeLength], [AddedOn], [ModifiedOn], [Rating], [Favorite]) VALUES (N'a3eba805-9d69-4c3c-fefc-08d6a211c906', N'Big Little Lies', N'59406211-418f-4cbe-bcc3-abfddeda0902', 2, N'cf3e2499-3998-4dac-8904-4e4cef3bc4c1', N'bb89f317-d6f0-4207-b434-24f37cdc6d38', 0, 1, N'2,17,27,28,29', 7, NULL, 60, CAST(N'2019-03-06 09:06:41.207' AS DateTime), CAST(N'2019-03-06 09:06:41.207' AS DateTime), 5, 1)
INSERT [dbo].[Show] ([ShowId], [ShowName], [ProductionHouseId], [StatusId], [OnlineChannelId], [LanguageId], [Ended], [NumberOfSeasons], [Genre], [TotalEpisodes], [Remarks], [EpisodeLength], [AddedOn], [ModifiedOn], [Rating], [Favorite]) VALUES (N'd5e3e3df-46e6-4a8a-fefd-08d6a211c906', N'Absentia', N'33d33cb8-0f51-4e30-9af2-659702b546ac', 4, N'a27b7db2-fb00-42b7-a2c8-e3ba7aed3a10', N'bb89f317-d6f0-4207-b434-24f37cdc6d38', 0, 1, N'2,17,28,29', 10, NULL, 40, CAST(N'2019-03-06 09:06:41.207' AS DateTime), CAST(N'2019-03-06 09:06:41.207' AS DateTime), 3, 0)
INSERT [dbo].[Show] ([ShowId], [ShowName], [ProductionHouseId], [StatusId], [OnlineChannelId], [LanguageId], [Ended], [NumberOfSeasons], [Genre], [TotalEpisodes], [Remarks], [EpisodeLength], [AddedOn], [ModifiedOn], [Rating], [Favorite]) VALUES (N'b00ca922-4b68-4cd2-fefe-08d6a211c906', N'Billions', N'a0e53dce-13cd-43aa-9dd3-b0782673e251', 4, N'cf3e2499-3998-4dac-8904-4e4cef3bc4c1', N'bb89f317-d6f0-4207-b434-24f37cdc6d38', 0, 3, N'2', 36, NULL, 60, CAST(N'2019-03-06 09:06:41.207' AS DateTime), CAST(N'2019-03-06 09:06:41.207' AS DateTime), 3, 0)
INSERT [dbo].[Show] ([ShowId], [ShowName], [ProductionHouseId], [StatusId], [OnlineChannelId], [LanguageId], [Ended], [NumberOfSeasons], [Genre], [TotalEpisodes], [Remarks], [EpisodeLength], [AddedOn], [ModifiedOn], [Rating], [Favorite]) VALUES (N'25f518fd-cc81-448e-feff-08d6a211c906', N'Black Mirror', N'00e0de9b-eb7f-4cef-85c4-76c6578829e9', 2, N'52c1b02f-a8a2-45df-b4ef-c764473fceb2', N'bb89f317-d6f0-4207-b434-24f37cdc6d38', 0, 4, N'2,15,19,24,28', 19, NULL, 60, CAST(N'2019-03-06 09:06:41.207' AS DateTime), CAST(N'2019-03-06 09:06:41.207' AS DateTime), 5, 1)
INSERT [dbo].[Show] ([ShowId], [ShowName], [ProductionHouseId], [StatusId], [OnlineChannelId], [LanguageId], [Ended], [NumberOfSeasons], [Genre], [TotalEpisodes], [Remarks], [EpisodeLength], [AddedOn], [ModifiedOn], [Rating], [Favorite]) VALUES (N'b17cff68-f707-4b7c-06ea-08d6a2170f52', N'Black-ish', N'7e90eb51-c40d-4e05-85c5-b60b3c1ba544', 4, N'a27b7db2-fb00-42b7-a2c8-e3ba7aed3a10', N'bb89f317-d6f0-4207-b434-24f37cdc6d38', 0, 5, N'21', 109, NULL, 20, CAST(N'2019-03-06 09:33:34.617' AS DateTime), CAST(N'2019-03-06 09:33:34.617' AS DateTime), 3, 0)
INSERT [dbo].[Show] ([ShowId], [ShowName], [ProductionHouseId], [StatusId], [OnlineChannelId], [LanguageId], [Ended], [NumberOfSeasons], [Genre], [TotalEpisodes], [Remarks], [EpisodeLength], [AddedOn], [ModifiedOn], [Rating], [Favorite]) VALUES (N'07b2391f-ef44-4987-06eb-08d6a2170f52', N'Blindspot', N'fe9387b7-2f07-4260-8341-2816dbd57a05', 1, N'a27b7db2-fb00-42b7-a2c8-e3ba7aed3a10', N'bb89f317-d6f0-4207-b434-24f37cdc6d38', 0, 3, N'2,3,28,29', 66, NULL, 40, CAST(N'2019-03-06 09:33:34.617' AS DateTime), CAST(N'2019-03-06 09:33:34.617' AS DateTime), 3, 0)
INSERT [dbo].[Show] ([ShowId], [ShowName], [ProductionHouseId], [StatusId], [OnlineChannelId], [LanguageId], [Ended], [NumberOfSeasons], [Genre], [TotalEpisodes], [Remarks], [EpisodeLength], [AddedOn], [ModifiedOn], [Rating], [Favorite]) VALUES (N'ff449439-d08b-4e2e-06ec-08d6a2170f52', N'Bones', N'e36292f8-742b-4503-b482-a4193360c145', 1, N'a27b7db2-fb00-42b7-a2c8-e3ba7aed3a10', N'bb89f317-d6f0-4207-b434-24f37cdc6d38', 0, 12, N'2,6,12,13,27', 246, NULL, 40, CAST(N'2019-03-06 09:33:34.617' AS DateTime), CAST(N'2019-03-06 09:33:34.617' AS DateTime), 4, 1)
INSERT [dbo].[Show] ([ShowId], [ShowName], [ProductionHouseId], [StatusId], [OnlineChannelId], [LanguageId], [Ended], [NumberOfSeasons], [Genre], [TotalEpisodes], [Remarks], [EpisodeLength], [AddedOn], [ModifiedOn], [Rating], [Favorite]) VALUES (N'4586b1b1-1359-4216-06ed-08d6a2170f52', N'Boys Over Flowers', N'7d381744-9834-4337-92a3-9ece6586e339', 3, N'a27b7db2-fb00-42b7-a2c8-e3ba7aed3a10', N'e98ad40d-e49d-468a-8c89-2802a0e5e204', 1, 1, N'2,20', 25, NULL, 60, CAST(N'2019-03-06 09:33:34.617' AS DateTime), CAST(N'2019-03-06 09:33:34.617' AS DateTime), 1, 1)
INSERT [dbo].[Show] ([ShowId], [ShowName], [ProductionHouseId], [StatusId], [OnlineChannelId], [LanguageId], [Ended], [NumberOfSeasons], [Genre], [TotalEpisodes], [Remarks], [EpisodeLength], [AddedOn], [ModifiedOn], [Rating], [Favorite]) VALUES (N'f0ad6878-3265-4712-c80c-08d6a5dfdd30', N'Breaking Bad', N'6b0f93b4-9c26-43e6-8606-16f55d3b390a', 3, N'cf3e2499-3998-4dac-8904-4e4cef3bc4c1', N'bb89f317-d6f0-4207-b434-24f37cdc6d38', 1, 5, N'2,17,28,30', 62, NULL, 62, CAST(N'2019-03-11 05:08:28.573' AS DateTime), CAST(N'2019-03-11 05:08:28.573' AS DateTime), 5, 0)
INSERT [dbo].[Show] ([ShowId], [ShowName], [ProductionHouseId], [StatusId], [OnlineChannelId], [LanguageId], [Ended], [NumberOfSeasons], [Genre], [TotalEpisodes], [Remarks], [EpisodeLength], [AddedOn], [ModifiedOn], [Rating], [Favorite]) VALUES (N'98fb370a-2992-410a-c80d-08d6a5dfdd30', N'Breathe', N'6bd6bcff-3452-435a-bac2-c84a45b33cad', 4, N'd026be34-d6da-4a22-a94e-ee2fc0c0a104', N'f9c95be6-9028-40b5-bab4-95b8398be8c9', 0, 1, N'2,17,28', 8, NULL, 40, CAST(N'2019-03-11 05:10:27.887' AS DateTime), CAST(N'2019-03-11 05:10:27.887' AS DateTime), 3, 0)
INSERT [dbo].[Show] ([ShowId], [ShowName], [ProductionHouseId], [StatusId], [OnlineChannelId], [LanguageId], [Ended], [NumberOfSeasons], [Genre], [TotalEpisodes], [Remarks], [EpisodeLength], [AddedOn], [ModifiedOn], [Rating], [Favorite]) VALUES (N'7cfa7083-8a8b-4d11-c80e-08d6a5dfdd30', N'Broadchurch', N'2bba0029-7663-42cb-bf41-e2ee1b3a8495', 4, N'52c1b02f-a8a2-45df-b4ef-c764473fceb2', N'bb89f317-d6f0-4207-b434-24f37cdc6d38', 1, 3, N'2,27,28,29', 24, NULL, 45, CAST(N'2019-03-11 05:12:15.063' AS DateTime), CAST(N'2019-03-11 05:12:15.063' AS DateTime), 3, 0)
INSERT [dbo].[Show] ([ShowId], [ShowName], [ProductionHouseId], [StatusId], [OnlineChannelId], [LanguageId], [Ended], [NumberOfSeasons], [Genre], [TotalEpisodes], [Remarks], [EpisodeLength], [AddedOn], [ModifiedOn], [Rating], [Favorite]) VALUES (N'290fcdf1-0501-4370-c80f-08d6a5dfdd30', N'Brooklyn Nine-Nine', N'fe9387b7-2f07-4260-8341-2816dbd57a05', 1, N'52c1b02f-a8a2-45df-b4ef-c764473fceb2', N'bb89f317-d6f0-4207-b434-24f37cdc6d38', 0, 6, N'21', 120, NULL, 21, CAST(N'2019-03-11 05:13:55.260' AS DateTime), CAST(N'2019-04-11 08:03:18.937' AS DateTime), 5, 1)
INSERT [dbo].[Show] ([ShowId], [ShowName], [ProductionHouseId], [StatusId], [OnlineChannelId], [LanguageId], [Ended], [NumberOfSeasons], [Genre], [TotalEpisodes], [Remarks], [EpisodeLength], [AddedOn], [ModifiedOn], [Rating], [Favorite]) VALUES (N'76163c29-8352-49e9-c810-08d6a5dfdd30', N'Castle', N'7e90eb51-c40d-4e05-85c5-b60b3c1ba544', 3, N'a27b7db2-fb00-42b7-a2c8-e3ba7aed3a10', N'bb89f317-d6f0-4207-b434-24f37cdc6d38', 0, 8, N'2,3,6,13,28', 173, NULL, 40, CAST(N'2019-03-11 05:15:14.057' AS DateTime), CAST(N'2019-03-11 05:15:14.057' AS DateTime), 4, 1)
INSERT [dbo].[Show] ([ShowId], [ShowName], [ProductionHouseId], [StatusId], [OnlineChannelId], [LanguageId], [Ended], [NumberOfSeasons], [Genre], [TotalEpisodes], [Remarks], [EpisodeLength], [AddedOn], [ModifiedOn], [Rating], [Favorite]) VALUES (N'5411f4be-b9a0-4e65-ddff-08d6a5e7567f', N'Catastrophe', N'e868ccd2-cfac-4818-a15b-4845d019d883', 4, N'52c1b02f-a8a2-45df-b4ef-c764473fceb2', N'bb89f317-d6f0-4207-b434-24f37cdc6d38', 0, 3, N'21', 24, NULL, 25, CAST(N'2019-03-11 05:58:16.353' AS DateTime), CAST(N'2019-03-11 05:58:16.353' AS DateTime), 3, 0)
INSERT [dbo].[Show] ([ShowId], [ShowName], [ProductionHouseId], [StatusId], [OnlineChannelId], [LanguageId], [Ended], [NumberOfSeasons], [Genre], [TotalEpisodes], [Remarks], [EpisodeLength], [AddedOn], [ModifiedOn], [Rating], [Favorite]) VALUES (N'000aa885-c454-41ef-de00-08d6a5e7567f', N'Charlie''s Angels', N'7e90eb51-c40d-4e05-85c5-b60b3c1ba544', 3, N'a27b7db2-fb00-42b7-a2c8-e3ba7aed3a10', N'bb89f317-d6f0-4207-b434-24f37cdc6d38', 1, 1, N'3,6,29', 8, NULL, 40, CAST(N'2019-03-11 06:03:57.230' AS DateTime), CAST(N'2019-03-11 06:03:57.230' AS DateTime), 1, 0)
INSERT [dbo].[Show] ([ShowId], [ShowName], [ProductionHouseId], [StatusId], [OnlineChannelId], [LanguageId], [Ended], [NumberOfSeasons], [Genre], [TotalEpisodes], [Remarks], [EpisodeLength], [AddedOn], [ModifiedOn], [Rating], [Favorite]) VALUES (N'149f01a8-ff04-4724-de01-08d6a5e7567f', N'Chicago Fire', N'fe9387b7-2f07-4260-8341-2816dbd57a05', 4, N'a27b7db2-fb00-42b7-a2c8-e3ba7aed3a10', N'bb89f317-d6f0-4207-b434-24f37cdc6d38', 0, 7, N'2,3', 152, NULL, 40, CAST(N'2019-03-11 06:05:39.457' AS DateTime), CAST(N'2019-03-11 06:05:39.457' AS DateTime), 3, 0)
INSERT [dbo].[Show] ([ShowId], [ShowName], [ProductionHouseId], [StatusId], [OnlineChannelId], [LanguageId], [Ended], [NumberOfSeasons], [Genre], [TotalEpisodes], [Remarks], [EpisodeLength], [AddedOn], [ModifiedOn], [Rating], [Favorite]) VALUES (N'e31a5b84-bfea-47a2-c139-08d6aa9d999f', N'Chicago Justice', N'fe9387b7-2f07-4260-8341-2816dbd57a05', 4, N'a27b7db2-fb00-42b7-a2c8-e3ba7aed3a10', N'bb89f317-d6f0-4207-b434-24f37cdc6d38', 1, 1, N'11', 13, NULL, 41, CAST(N'2019-03-17 05:57:07.987' AS DateTime), CAST(N'2019-03-17 05:57:07.987' AS DateTime), 2, 0)
INSERT [dbo].[Show] ([ShowId], [ShowName], [ProductionHouseId], [StatusId], [OnlineChannelId], [LanguageId], [Ended], [NumberOfSeasons], [Genre], [TotalEpisodes], [Remarks], [EpisodeLength], [AddedOn], [ModifiedOn], [Rating], [Favorite]) VALUES (N'a0059d2b-5ed2-4d72-c13a-08d6aa9d999f', N'Chicago Med', N'fe9387b7-2f07-4260-8341-2816dbd57a05', 4, N'a27b7db2-fb00-42b7-a2c8-e3ba7aed3a10', N'bb89f317-d6f0-4207-b434-24f37cdc6d38', 0, 4, N'12', 77, NULL, 40, CAST(N'2019-03-17 05:58:42.553' AS DateTime), CAST(N'2019-03-17 05:58:42.553' AS DateTime), 3, 0)
INSERT [dbo].[Show] ([ShowId], [ShowName], [ProductionHouseId], [StatusId], [OnlineChannelId], [LanguageId], [Ended], [NumberOfSeasons], [Genre], [TotalEpisodes], [Remarks], [EpisodeLength], [AddedOn], [ModifiedOn], [Rating], [Favorite]) VALUES (N'987642d0-4a64-40f8-c13b-08d6aa9d999f', N'Chicago P.D', N'fe9387b7-2f07-4260-8341-2816dbd57a05', 4, N'a27b7db2-fb00-42b7-a2c8-e3ba7aed3a10', N'bb89f317-d6f0-4207-b434-24f37cdc6d38', 0, 7, N'2,13', 122, NULL, 41, CAST(N'2019-03-17 06:00:26.460' AS DateTime), CAST(N'2019-03-17 06:00:26.460' AS DateTime), 4, 0)
INSERT [dbo].[Show] ([ShowId], [ShowName], [ProductionHouseId], [StatusId], [OnlineChannelId], [LanguageId], [Ended], [NumberOfSeasons], [Genre], [TotalEpisodes], [Remarks], [EpisodeLength], [AddedOn], [ModifiedOn], [Rating], [Favorite]) VALUES (N'81276656-4b2e-47e1-c13c-08d6aa9d999f', N'City Hunter', N'43ef2ea6-ee1f-4b29-bed5-665c6c8940ca', 3, N'a27b7db2-fb00-42b7-a2c8-e3ba7aed3a10', N'e98ad40d-e49d-468a-8c89-2802a0e5e204', 1, 1, N'2,3,17,20,29', 16, NULL, 60, CAST(N'2019-03-17 06:02:12.823' AS DateTime), CAST(N'2019-03-17 06:02:12.823' AS DateTime), 3, 0)
INSERT [dbo].[Show] ([ShowId], [ShowName], [ProductionHouseId], [StatusId], [OnlineChannelId], [LanguageId], [Ended], [NumberOfSeasons], [Genre], [TotalEpisodes], [Remarks], [EpisodeLength], [AddedOn], [ModifiedOn], [Rating], [Favorite]) VALUES (N'653d42a3-e6cf-4c29-c13d-08d6aa9d999f', N'Claws', N'4a239a02-45ca-42c5-a255-c27de22eb338', 4, N'a27b7db2-fb00-42b7-a2c8-e3ba7aed3a10', N'bb89f317-d6f0-4207-b434-24f37cdc6d38', 0, 2, N'2,18,28', 20, NULL, 20, CAST(N'2019-03-17 06:02:12.823' AS DateTime), CAST(N'2019-03-17 06:02:12.823' AS DateTime), 3, 0)
INSERT [dbo].[Show] ([ShowId], [ShowName], [ProductionHouseId], [StatusId], [OnlineChannelId], [LanguageId], [Ended], [NumberOfSeasons], [Genre], [TotalEpisodes], [Remarks], [EpisodeLength], [AddedOn], [ModifiedOn], [Rating], [Favorite]) VALUES (N'934a74cf-0cc1-485e-3580-08d6be5fb9e2', N'Community', N'fe9387b7-2f07-4260-8341-2816dbd57a05', 4, N'a27b7db2-fb00-42b7-a2c8-e3ba7aed3a10', N'bb89f317-d6f0-4207-b434-24f37cdc6d38', 1, 6, N'21', 110, NULL, 20, CAST(N'2019-04-11 09:24:54.370' AS DateTime), CAST(N'2019-04-11 09:24:54.370' AS DateTime), 4, 0)
SET IDENTITY_INSERT [dbo].[Genre] ON 

INSERT [dbo].[Genre] ([Id], [Name]) VALUES (1, N'Animation')
INSERT [dbo].[Genre] ([Id], [Name]) VALUES (2, N'Drama')
INSERT [dbo].[Genre] ([Id], [Name]) VALUES (3, N'Action')
INSERT [dbo].[Genre] ([Id], [Name]) VALUES (4, N'Adventure')
INSERT [dbo].[Genre] ([Id], [Name]) VALUES (5, N'Courtroom Drama')
INSERT [dbo].[Genre] ([Id], [Name]) VALUES (6, N'Detective Fiction')
INSERT [dbo].[Genre] ([Id], [Name]) VALUES (7, N'Docudrama')
INSERT [dbo].[Genre] ([Id], [Name]) VALUES (8, N'Fantasy')
INSERT [dbo].[Genre] ([Id], [Name]) VALUES (9, N'Historical Period Drama')
INSERT [dbo].[Genre] ([Id], [Name]) VALUES (10, N'Horror')
INSERT [dbo].[Genre] ([Id], [Name]) VALUES (11, N'Legal Drama')
INSERT [dbo].[Genre] ([Id], [Name]) VALUES (12, N'Medical Drama')
INSERT [dbo].[Genre] ([Id], [Name]) VALUES (13, N'Police Procedural')
INSERT [dbo].[Genre] ([Id], [Name]) VALUES (14, N'Political Drama')
INSERT [dbo].[Genre] ([Id], [Name]) VALUES (15, N'Science Fiction')
INSERT [dbo].[Genre] ([Id], [Name]) VALUES (16, N'Teen Drama')
INSERT [dbo].[Genre] ([Id], [Name]) VALUES (17, N'Thriller')
INSERT [dbo].[Genre] ([Id], [Name]) VALUES (18, N'Dramedy')
INSERT [dbo].[Genre] ([Id], [Name]) VALUES (19, N'Satire')
INSERT [dbo].[Genre] ([Id], [Name]) VALUES (20, N'Romance')
INSERT [dbo].[Genre] ([Id], [Name]) VALUES (21, N'Sit-Com')
INSERT [dbo].[Genre] ([Id], [Name]) VALUES (22, N'Stand-up Comedy')
INSERT [dbo].[Genre] ([Id], [Name]) VALUES (23, N'Talk Show')
INSERT [dbo].[Genre] ([Id], [Name]) VALUES (24, N'Anthology')
INSERT [dbo].[Genre] ([Id], [Name]) VALUES (25, N'Children')
INSERT [dbo].[Genre] ([Id], [Name]) VALUES (26, N'Miniseries')
INSERT [dbo].[Genre] ([Id], [Name]) VALUES (27, N'Serial')
INSERT [dbo].[Genre] ([Id], [Name]) VALUES (28, N'Crime Thriller')
INSERT [dbo].[Genre] ([Id], [Name]) VALUES (29, N'Mystery')
INSERT [dbo].[Genre] ([Id], [Name]) VALUES (30, N'Neo-noir')
INSERT [dbo].[Genre] ([Id], [Name]) VALUES (31, N'Cyberpunk')
INSERT [dbo].[Genre] ([Id], [Name]) VALUES (32, N'Superhero')
SET IDENTITY_INSERT [dbo].[Genre] OFF
